{
  "timestamp": "2025-11-29T22:45:05.685781",
  "system_info": {
    "python_version": "3.13.5",
    "platform": "Windows-11-10.0.26200-SP0",
    "processor": "Intel64 Family 6 Model 197 Stepping 2, GenuineIntel",
    "numpy_version": "2.2.6",
    "numba_available": true,
    "rust_version": "0.1.0"
  },
  "config": {
    "code_bits": 256,
    "embedding_dim": 384,
    "warmup_iterations": 10,
    "phase1_baseline_ms": 1.14,
    "phase2_target_ms": 0.5
  },
  "benchmarks": {
    "100k": {
      "n_entries": 100000,
      "hit_queries": {
        "n_entries": 100000,
        "n_iterations": 100,
        "hits": 100,
        "misses": 0,
        "hit_rate": 1.0,
        "mean_us": 53.95099913585,
        "std_us": 5.604935813135234,
        "min_us": 50.99999543745071,
        "max_us": 93.90000195708126,
        "p50_us": 51.44999886397272,
        "p95_us": 59.939990751445286,
        "p99_us": 73.60500589129525,
        "mean_ms": 0.05395099913585,
        "min_ms": 0.05099999543745071,
        "p50_ms": 0.051449998863972723,
        "p99_ms": 0.07360500589129525
      },
      "miss_queries": {
        "n_entries": 100000,
        "n_iterations": 100,
        "hits": 0,
        "misses": 100,
        "hit_rate": 0.0,
        "mean_us": 356.36500077089295,
        "std_us": 104.06874697813977,
        "min_us": 323.30000249203295,
        "max_us": 1093.0999997071922,
        "p50_us": 325.74999931966886,
        "p95_us": 460.4700050549581,
        "p99_us": 947.5700008624707,
        "mean_ms": 0.35636500077089295,
        "min_ms": 0.32330000249203295,
        "p50_ms": 0.32574999931966886,
        "p99_ms": 0.9475700008624707
      },
      "combined_mean_ms": 0.20515799995337147,
      "target_met": true,
      "speedup_vs_phase1": 5.556692891620606
    },
    "by_size": [
      {
        "n_entries": 1000,
        "stats": {
          "n_entries": 1000,
          "n_iterations": 100,
          "hits": 0,
          "misses": 100,
          "hit_rate": 0.0,
          "mean_us": 56.7519998003263,
          "std_us": 24.035944938763365,
          "min_us": 51.60000000614673,
          "max_us": 292.8999892901629,
          "p50_us": 52.100003813393414,
          "p95_us": 61.40500190667808,
          "p99_us": 75.10000199545287,
          "mean_ms": 0.0567519998003263,
          "min_ms": 0.05160000000614673,
          "p50_ms": 0.052100003813393414,
          "p99_ms": 0.07510000199545287
        }
      },
      {
        "n_entries": 10000,
        "stats": {
          "n_entries": 10000,
          "n_iterations": 100,
          "hits": 0,
          "misses": 100,
          "hit_rate": 0.0,
          "mean_us": 77.6799995219335,
          "std_us": 3.4728655406619566,
          "min_us": 76.59998664166778,
          "max_us": 108.59999747481197,
          "p50_us": 76.90000347793102,
          "p95_us": 79.85999618540518,
          "p99_us": 86.62198859383363,
          "mean_ms": 0.0776799995219335,
          "min_ms": 0.07659998664166778,
          "p50_ms": 0.07690000347793102,
          "p99_ms": 0.08662198859383363
        }
      },
      {
        "n_entries": 50000,
        "stats": {
          "n_entries": 50000,
          "n_iterations": 50,
          "hits": 0,
          "misses": 50,
          "hit_rate": 0.0,
          "mean_us": 214.6379995974712,
          "std_us": 15.821604215711607,
          "min_us": 209.69999604858458,
          "max_us": 309.49999927543104,
          "p50_us": 210.8999906340614,
          "p95_us": 219.7699919634033,
          "p99_us": 289.0670005581341,
          "mean_ms": 0.2146379995974712,
          "min_ms": 0.20969999604858458,
          "p50_ms": 0.2108999906340614,
          "p99_ms": 0.2890670005581341
        }
      },
      {
        "n_entries": 100000,
        "stats": {
          "n_entries": 100000,
          "n_iterations": 50,
          "hits": 0,
          "misses": 50,
          "hit_rate": 0.0,
          "mean_us": 1143.5459996573627,
          "std_us": 133.0132023333499,
          "min_us": 667.8999925497919,
          "max_us": 1411.5999947534874,
          "p50_us": 1181.9500068668276,
          "p95_us": 1296.930004900787,
          "p99_us": 1390.8239934244193,
          "mean_ms": 1.1435459996573627,
          "min_ms": 0.6678999925497919,
          "p50_ms": 1.1819500068668276,
          "p99_ms": 1.3908239934244193
        }
      }
    ],
    "put": {
      "stats": {
        "n_entries_before": 10000,
        "n_iterations": 100,
        "mean_us": 200.91000027605332,
        "std_us": 68.52934253930835,
        "min_us": 76.90000347793102,
        "max_us": 646.6999911936,
        "p50_us": 198.5500057344325,
        "p99_us": 484.5379953621895,
        "mean_ms": 0.20091000027605332,
        "min_ms": 0.07690000347793102
      },
      "target_met": true
    },
    "hit_rate_verification": {
      "hit_rate": 1.0,
      "target_met": true
    }
  },
  "summary": {
    "phase1_baseline_ms": 1.14,
    "phase2_result_ms": 0.20515799995337147,
    "speedup_vs_phase1": 5.556692891620606,
    "target_ms": 0.5,
    "target_met": true,
    "put_target_met": true,
    "hit_rate_target_met": true,
    "all_pass": true
  }
}