{
  "timestamp": "2025-12-02T20:53:01.129424",
  "system_info": {
    "python_version": "3.13.9",
    "platform": "Windows-11-10.0.26200-SP0",
    "processor": "Intel64 Family 6 Model 197 Stepping 2, GenuineIntel",
    "numpy_version": "2.3.5",
    "numba_available": true,
    "rust_version": "0.1.0"
  },
  "config": {
    "code_bits": 256,
    "embedding_dim": 384,
    "warmup_iterations": 10,
    "phase1_baseline_ms": 1.14,
    "phase2_target_ms": 0.5
  },
  "benchmarks": {
    "100k": {
      "n_entries": 100000,
      "hit_queries": {
        "n_entries": 100000,
        "n_iterations": 100,
        "hits": 100,
        "misses": 0,
        "hit_rate": 1.0,
        "mean_us": 72.62099998115445,
        "std_us": 5.0946697366755505,
        "min_us": 70.50000021990854,
        "max_us": 115.50000090210233,
        "p50_us": 71.20000009308569,
        "p95_us": 79.33499919090535,
        "p99_us": 84.21600039582715,
        "mean_ms": 0.07262099998115445,
        "min_ms": 0.07050000021990854,
        "p50_ms": 0.07120000009308569,
        "p99_ms": 0.08421600039582715
      },
      "miss_queries": {
        "n_entries": 100000,
        "n_iterations": 100,
        "hits": 0,
        "misses": 100,
        "hit_rate": 0.0,
        "mean_us": 360.10699997859774,
        "std_us": 3.3197365524568294,
        "min_us": 357.1999986888841,
        "max_us": 373.9000003406545,
        "p50_us": 358.6000002542278,
        "p95_us": 366.01499841708574,
        "p99_us": 372.21700013105874,
        "mean_ms": 0.36010699997859774,
        "min_ms": 0.3571999986888841,
        "p50_ms": 0.3586000002542278,
        "p99_ms": 0.37221700013105874
      },
      "combined_mean_ms": 0.2163639999798761,
      "target_met": true,
      "speedup_vs_phase1": 5.268898708223321
    },
    "by_size": [
      {
        "n_entries": 1000,
        "stats": {
          "n_entries": 1000,
          "n_iterations": 100,
          "hits": 0,
          "misses": 100,
          "hit_rate": 0.0,
          "mean_us": 70.38500007183757,
          "std_us": 4.6056569000150755,
          "min_us": 67.99999937356915,
          "max_us": 98.90000001178123,
          "p50_us": 68.6999992467463,
          "p95_us": 80.91999943644623,
          "p99_us": 86.03000105722465,
          "mean_ms": 0.07038500007183757,
          "min_ms": 0.06799999937356915,
          "p50_ms": 0.0686999992467463,
          "p99_ms": 0.08603000105722465
        }
      },
      {
        "n_entries": 10000,
        "stats": {
          "n_entries": 10000,
          "n_iterations": 100,
          "hits": 0,
          "misses": 100,
          "hit_rate": 0.0,
          "mean_us": 99.64000011677854,
          "std_us": 5.749417438627734,
          "min_us": 95.9999997576233,
          "max_us": 119.50000043725595,
          "p50_us": 97.00000009615906,
          "p95_us": 114.41499982538517,
          "p99_us": 116.13400001806441,
          "mean_ms": 0.09964000011677854,
          "min_ms": 0.0959999997576233,
          "p50_ms": 0.09700000009615906,
          "p99_ms": 0.11613400001806441
        }
      },
      {
        "n_entries": 50000,
        "stats": {
          "n_entries": 50000,
          "n_iterations": 50,
          "hits": 0,
          "misses": 50,
          "hit_rate": 0.0,
          "mean_us": 202.1140000942978,
          "std_us": 6.00086681971623,
          "min_us": 199.19999976991676,
          "max_us": 238.29999918234535,
          "p50_us": 200.14999972772785,
          "p95_us": 208.15500065509696,
          "p99_us": 227.37299887012335,
          "mean_ms": 0.2021140000942978,
          "min_ms": 0.19919999976991676,
          "p50_ms": 0.20014999972772785,
          "p99_ms": 0.22737299887012336
        }
      },
      {
        "n_entries": 100000,
        "stats": {
          "n_entries": 100000,
          "n_iterations": 50,
          "hits": 0,
          "misses": 50,
          "hit_rate": 0.0,
          "mean_us": 328.81000013730954,
          "std_us": 4.3959187322417215,
          "min_us": 325.59999999648426,
          "max_us": 350.40000148001127,
          "p50_us": 326.800000948424,
          "p95_us": 336.33000075496966,
          "p99_us": 345.0590009197185,
          "mean_ms": 0.32881000013730954,
          "min_ms": 0.32559999999648426,
          "p50_ms": 0.326800000948424,
          "p99_ms": 0.34505900091971853
        }
      }
    ],
    "put": {
      "stats": {
        "n_entries_before": 10000,
        "n_iterations": 100,
        "mean_us": 59.12300002819393,
        "std_us": 2.4799539221529177,
        "min_us": 57.199998991563916,
        "max_us": 70.10000081209,
        "p50_us": 58.89999920327682,
        "p99_us": 68.21899909482455,
        "mean_ms": 0.05912300002819393,
        "min_ms": 0.057199998991563916
      },
      "target_met": true
    },
    "hit_rate_verification": {
      "hit_rate": 1.0,
      "target_met": true
    }
  },
  "summary": {
    "phase1_baseline_ms": 1.14,
    "phase2_result_ms": 0.2163639999798761,
    "speedup_vs_phase1": 5.268898708223321,
    "target_ms": 0.5,
    "target_met": true,
    "put_target_met": true,
    "hit_rate_target_met": true,
    "all_pass": true
  }
}