{
  "timestamp": "2025-12-02T20:53:31.932797",
  "system_info": {
    "python_version": "3.13.9",
    "platform": "Windows-11-10.0.26200-SP0",
    "processor": "Intel64 Family 6 Model 197 Stepping 2, GenuineIntel"
  },
  "config": {
    "embedding_dim": 384,
    "code_bits": 256,
    "primary_target_size": 1000000,
    "primary_target_load_ms": 100.0
  },
  "persistence_format": "v3",
  "benchmarks": [
    {
      "n_entries": 1000000,
      "peak_rss_mb": null,
      "save_v3": {
        "mean_ms": 1390.337400000135,
        "min_ms": 1038.476499999888,
        "max_ms": 1610.5103000008967,
        "std_ms": 251.41196483566816,
        "checksum_ms": 57.06340000142518
      },
      "load_v3": {
        "full_load": {
          "mean_ms": 312.3790599995118,
          "min_ms": 286.20609999961744,
          "max_ms": 346.4527999985876,
          "std_ms": 19.705290593737395
        },
        "codes_only_ms": 10.167100001126528
      },
      "first_query": {
        "first_query_ms": 0.2114000017172657,
        "mean_subsequent_ms": 0.07868888901106806,
        "hit": true
      }
    }
  ],
  "primary_target_passed": false
}