{
  "timestamp": "2025-11-30T01:40:19.495092",
  "system_info": {
    "python_version": "3.13.9",
    "platform": "Windows-11-10.0.26200-SP0",
    "processor": "Intel64 Family 6 Model 197 Stepping 2, GenuineIntel",
    "numpy_version": "2.3.5",
    "numba_available": true,
    "rust_available": true
  },
  "config": {
    "code_bits": 256,
    "n_words": 4,
    "warmup_iterations": 5
  },
  "benchmarks": {
    "100k": {
      "n_entries": 100000,
      "numpy": {
        "backend": "numpy",
        "mean_us": 9448.93999985652,
        "std_us": 491.2196388334639,
        "min_us": 8733.099995879456,
        "max_us": 12066.0999964457,
        "p50_us": 9430.04999862751,
        "p99_us": 11264.067993033674,
        "mean_ms": 9.44893999985652,
        "min_ms": 8.733099995879456
      },
      "numba": {
        "backend": "numba",
        "mean_us": 2044.9959990219213,
        "std_us": 487.6637079602055,
        "min_us": 1231.4000050537288,
        "max_us": 2913.8999962015077,
        "p50_us": 2290.349999384489,
        "p99_us": 2789.5379975961982,
        "mean_ms": 2.0449959990219213,
        "min_ms": 1.2314000050537288
      },
      "rust": {
        "backend": "rust",
        "mean_us": 408.84400077629834,
        "std_us": 20.673202546329833,
        "min_us": 381.9999983534217,
        "max_us": 472.9000065708533,
        "p50_us": 402.85000432049856,
        "p99_us": 467.9510045389179,
        "mean_ms": 0.40884400077629834,
        "min_ms": 0.3819999983534217
      },
      "speedup_vs_numpy": 23.11135783309823,
      "speedup_vs_numba": 5.001898022568403
    },
    "by_size": [
      {
        "n_entries": 1000,
        "rust": {
          "backend": "rust",
          "mean_us": 5.042999982833862,
          "std_us": 0.4630886304165091,
          "min_us": 4.3000036384910345,
          "max_us": 6.000002031214535,
          "p50_us": 5.299996701069176,
          "p99_us": 5.9010012773796925,
          "mean_ms": 0.005042999982833862,
          "min_ms": 0.0043000036384910345
        },
        "target_met": null
      },
      {
        "n_entries": 10000,
        "rust": {
          "backend": "rust",
          "mean_us": 42.6930001412984,
          "std_us": 7.519791297127184,
          "min_us": 38.8999906135723,
          "max_us": 105.09999992791563,
          "p50_us": 40.049999370239675,
          "p99_us": 60.84700871724658,
          "mean_ms": 0.0426930001412984,
          "min_ms": 0.0388999906135723
        },
        "target_met": null
      },
      {
        "n_entries": 100000,
        "rust": {
          "backend": "rust",
          "mean_us": 441.07999827247113,
          "std_us": 28.463317179071066,
          "min_us": 406.4999957336113,
          "max_us": 509.39999346155673,
          "p50_us": 438.2499973871745,
          "p99_us": 507.2439984360244,
          "mean_ms": 0.44107999827247113,
          "min_ms": 0.4064999957336113
        },
        "target_met": true
      },
      {
        "n_entries": 500000,
        "rust": {
          "backend": "rust",
          "mean_us": 2714.3499994417652,
          "std_us": 419.8579742007965,
          "min_us": 1782.6999974204227,
          "max_us": 3672.0999924000353,
          "p50_us": 2635.650002048351,
          "p99_us": 3582.3319933842863,
          "mean_ms": 2.7143499994417652,
          "min_ms": 1.7826999974204227
        },
        "target_met": null
      }
    ],
    "find_nearest": {
      "n_queries": 100,
      "accuracy_rate_pct": 100.0,
      "all_match": true,
      "mean_speedup": 4.704208350791781
    }
  },
  "bit_exact_verification": {
    "n_codes": 10000,
    "max_diff": 0.0,
    "mean_diff": 0.0,
    "all_match": true,
    "tolerance": 1e-06
  },
  "summary": {
    "phase1_baseline_ms": 2.0449959990219213,
    "phase2_result_ms": 0.40884400077629834,
    "speedup_vs_numba": 5.001898022568403,
    "target_ms": 0.5,
    "target_met": true,
    "bit_exact": true,
    "accuracy_100pct": true
  }
}